{
    "ticker": "GOOGL",
    "precio_actual": 321.30999755859375,
    "prediccion_7_dias": 354.72490553626994,
    "cantidad": 5,
    "alerta_riesgo": false
}